,corpusid,DOI,year,language,tar_archive_name,fungi_family_names_counts,plant_family_names_counts
count,10000.0,2211,9508.0,5278,10000,341,3545
unique,,1989,,31,1238,211,2182
top,,10.1186/s13059-015-0623-3,,en,199.tar.xz,['parmeliaceae'],['lichens']
freq,,11,,4731,293,14,195
mean,174951040.884,,2000.6137989061842,,,,
std,134307098.33287254,,34.93408400192408,,,,
min,3148.0,,14.0,,,,
25%,46712809.75,,1997.0,,,,
50%,161876383.5,,2011.0,,,,
75%,267571157.75,,2016.0,,,,
max,490697795.0,,2557.0,,,,
