,Precise NER,Approx. NER,Precise MedCond,Approx. MedCond,Precise MedEff,Approx. MedEff
gpt4o_f1,0.843314789331934,0.8847604005576343,0.6490299823633157,0.7038981469625186,0.4745762711864407,0.48651887357699225
claude_f1,0.42486255223015257,0.47201173119592166,0.1380952380952381,0.1554365425333167,0.4233576642335766,0.4407943123314538
llama_f1,0.4963892763055943,0.5687695868226494,0.06122448979591837,0.06632653061224489,0.25274725274725274,0.2747252747252747
deepseek_f1,0.8573059066221823,0.89598650330305,0.4992784992784993,0.5361989714294633,0.39263803680981596,0.43568464730290457
model_means,0.6554681311224658,0.7053820554698138,0.3369070523832428,0.3654650478843859,0.3858298062442715,0.4094307769841563
