,Precise NER,Approx. NER,Precise MedCond,Approx. MedCond,Precise MedEff,Approx. MedEff
precision,0.9163346613545816,0.9282868525896414,0.6304347826086957,0.8478260869565217,0.5471698113207547,0.5471698113207547
recall,0.27379553466509987,0.3125734430082256,0.07754010695187166,0.0855614973262032,0.34523809523809523,0.36904761904761907
f1,0.42161494494774066,0.467672015363197,0.1380952380952381,0.1554365425333167,0.4233576642335766,0.4407943123314538
