,Precise NER,Approx. NER,Precise MedCond,Approx. MedCond,Precise MedEff,Approx. MedEff
precision,0.9258064516129032,0.9354838709677419,0.2265625,0.3203125,0.345679012345679,0.345679012345679
recall,0.3407755581668625,0.381903642773208,0.07754010695187166,0.0855614973262032,0.3333333333333333,0.35714285714285715
f1,0.4981788906945354,0.5423836105196524,0.11553784860557771,0.1350488934637159,0.3393939393939394,0.3513174404015056
