,Precise NER,Approx. NER,Precise MedCond,Approx. MedCond,Precise MedEff,Approx. MedEff
precision,0.9859154929577465,0.9921752738654147,,,,
recall,0.7473560517038778,0.8108108108108109,0.0,0.0,0.0,0.0
f1,0.8502186658518419,0.8923712114103407,,,,
