,Precise NER,Approx. NER,Precise MedCond,Approx. MedCond,Precise MedEff,Approx. MedEff
precision,0.9279731993299832,0.9463986599664992,0.0423728813559322,0.12429378531073447,0.2661290322580645,0.3709677419354839
recall,0.4852941176470588,0.5458477508650519,0.07177033492822966,0.22488038277511962,0.1346938775510204,0.20816326530612245
f1,0.6373032611158559,0.6923649823711676,0.05328596802841918,0.16009909421692342,0.17886178861788618,0.266681823348869
