,Precise NER,Approx. NER,Precise MedCond,Approx. MedCond,Precise MedEff,Approx. MedEff
precision,0.9467455621301775,0.9733727810650887,0.6538461538461539,0.6923076923076923,0.12432432432432433,0.13513513513513514
recall,0.38307873090481787,0.44535840188014103,0.045454545454545456,0.0481283422459893,0.27380952380952384,0.2976190476190476
f1,0.5454526441277046,0.6111090690328635,0.085,0.09,0.17100371747211895,0.18587360594795538
