,Precise NER,Approx. NER,Precise MedCond,Approx. MedCond,Precise MedEff,Approx. MedEff
precision,0.9054209919261822,0.922722029988466,0.18048780487804877,0.3024390243902439,0.1320754716981132,0.2
recall,0.6859861591695502,0.7491349480968859,0.18181818181818182,0.31100478468899523,0.14285714285714285,0.24081632653061225
f1,0.78057493741344,0.82691681059332,0.1811505507955936,0.3066621009778184,0.1372549019607843,0.21851851851851853
