,Precise NER,Approx. NER,Precise MedCond,Approx. MedCond,Precise MedEff,Approx. MedEff
precision,0.9313725490196079,0.9607843137254902,0.6666666666666666,0.7222222222222222,0.23,0.25
recall,0.3419506462984724,0.40658049353701525,0.03208556149732621,0.034759358288770054,0.27380952380952384,0.2976190476190476
f1,0.5002397604205306,0.5713707978768219,0.06122448979591837,0.06632653061224489,0.25000000000000006,0.2717391304347826
