,Precise NER,Approx. NER,Precise MedCond,Approx. MedCond,Precise MedEff,Approx. MedEff
precision,0.8461180846118085,0.8874941887494189,0.42504626773596543,0.566933991363356,0.3534322820037106,0.5064935064935064
recall,0.27430403731234515,0.3226934849147355,0.28331970564186426,0.3777596075224857,0.30062305295950154,0.4423676012461059
f1,0.41429672283410873,0.4732961652832092,0.34000499172733345,0.4534057652579853,0.32489572655614857,0.4722636762887477
