,Precise NER,Approx. NER,Precise MedCond,Approx. MedCond,Precise MedEff,Approx. MedEff
precision,0.8367217280813215,0.8939008894536213,0.41279887482419125,0.6146272855133614,0.39928057553956836,0.5638489208633094
recall,0.17913156189241736,0.2335709656513286,0.19693435521492836,0.2749083638787071,0.24632152588555858,0.3634877384196185
f1,0.2950884177860059,0.3703671945351201,0.26665523951100484,0.37989749274504064,0.3046811663291239,0.44202322210237655
