,Precise NER,Approx. NER,Precise MedCond,Approx. MedCond,Precise MedEff,Approx. MedEff
precision,0.9374527588813303,0.953514739229025,0.3776247848537005,0.4846815834767642,0.24377791959157627,0.34716017868538607
recall,0.7326920274012535,0.7974056260020406,0.4501226492232216,0.607113654946852,0.2998442367601246,0.440809968847352
f1,0.822520500185479,0.8685009697020146,0.41069887159541674,0.5390329564999156,0.268919886302859,0.3884199624326203
