,Precise NER,Approx. NER,Precise MedCond,Approx. MedCond,Precise MedEff,Approx. MedEff
precision,0.9667422524565382,0.9778911564625851,0.4206540447504303,0.529776247848537,0.29227823867262287,0.3841735800893427
recall,0.760093280862848,0.8267016469902346,0.5028618152085037,0.6631234668847097,0.3605919003115265,0.4914330218068536
f1,0.8510530114074535,0.8959630428293904,0.4580990228525294,0.5889968080427507,0.32286103838860286,0.4312338051193561
