,Precise NER,Approx. NER,Precise MedCond,Approx. MedCond,Precise MedEff,Approx. MedEff
precision,0.9445660102115244,0.9555069292487236,0.410958904109589,0.5168727029736051,0.2810975609756098,0.36890243902439024
recall,0.7697128698440461,0.8370499927124326,0.5061324611610794,0.6663941128372853,0.3629283489096573,0.4937694704049844
f1,0.848222098441165,0.8923644860206614,0.4536072401284854,0.5821864041912821,0.31681419061411453,0.4222990454590494
