,Precise NER,Approx. NER,Precise MedCond,Approx. MedCond,Precise MedEff,Approx. MedEff
precision,0.5799689440993789,0.6997282608695652,,,,
recall,0.4414808336977117,0.5268911237428946,0.0,0.0,0.0,0.0
f1,0.5013367833159161,0.6011328604605545,,,,
