,Precise NER,Approx. NER,Precise MedCond,Approx. MedCond,Precise MedEff,Approx. MedEff
precision,0.5902714242146996,0.7041781030802073,,,,
recall,0.5048606610499028,0.5896305897602074,0.0,0.0,0.0,0.0
f1,0.5442353948672736,0.6418336072605448,,,,
