,Precise NER,Approx. NER,Precise MedCond,Approx. MedCond,Precise MedEff,Approx. MedEff
precision,0.5799689440993789,0.6997282608695652,,,,
recall,0.4375455472963125,0.5228100859932955,0.0,0.0,0.0,0.0
f1,0.49878961175825426,0.598467922377887,,,,
