,Precise NER,Approx. NER,Precise MedCond,Approx. MedCond,Precise MedEff,Approx. MedEff
precision,0.9451432035156841,0.9562054856796485,0.5727586206896552,0.6827586206896552,0.5041716328963052,0.6358760429082241
recall,0.8155541153596889,0.8754374594944913,0.5538153948683772,0.692435854715095,0.45286103542234335,0.5542234332425068
f1,0.8755797160227476,0.914040701375346,0.5631277435852925,0.6875631883878751,0.477140844324813,0.5922486492593337
