,Precise NER,Approx. NER,Precise MedCond,Approx. MedCond,Precise MedEff,Approx. MedEff
precision,0.9674267100977199,0.9788273615635179,0.5857860732232592,0.6992103374012921,0.5283387622149837,0.6723127035830619
recall,0.7773169151004536,0.8366817887232664,0.5441519493502166,0.6814395201599467,0.4337874659400545,0.5340599455040872
f1,0.8620144931534297,0.9021899202159048,0.5642019779468349,0.6902105616426749,0.4764171812645177,0.5952643009752738
