,Precise NER,Approx. NER,Precise MedCond,Approx. MedCond,Precise MedEff,Approx. MedEff
precision,0.8973031283710895,0.9216828478964402,0.28060580563735804,0.37484223811527134,0.18354430379746836,0.26985040276179517
recall,0.5499675955930007,0.627349319507453,0.22359213595468178,0.3045651449516828,0.1771117166212534,0.26430517711171664
f1,0.6819562309346765,0.7465527438317674,0.24887547634816332,0.3360690019888707,0.1802706450533161,0.2670490066302915
