,Precise NER,Approx. NER,Precise MedCond,Approx. MedCond,Precise MedEff,Approx. MedEff
precision,0.8992529348986126,0.9293489861259339,0.4290150842945874,0.6184560780834073,0.1839961667465261,0.3191183517010062
recall,0.5578742709008425,0.6379779650032404,0.32355881372875706,0.4618460513162279,0.2130790190735695,0.3743869209809264
f1,0.6885741662297277,0.7565800798860667,0.3688982892196815,0.528799286425694,0.19747253982982357,0.34455033531271567
