,Precise NER,Approx. NER,Precise MedCond,Approx. MedCond,Precise MedEff,Approx. MedEff
precision,0.8793565683646113,0.935656836461126,0.19741100323624594,0.3333333333333333,0.37037037037037035,0.49382716049382713
recall,0.2897923875432526,0.3494809688581315,0.2966507177033493,0.5023923444976076,0.3673469387755102,0.5183673469387755
f1,0.43592535948568106,0.5088859052651334,0.23706396715454287,0.4007633587786259,0.36885245901639346,0.5057997709961667
