,Precise NER,Approx. NER,Precise MedCond,Approx. MedCond,Precise MedEff,Approx. MedEff
precision,0.9433962264150944,0.9633740288568258,0.30386740331491713,0.4530386740331492,0.43859649122807015,0.5833333333333334
recall,0.7422145328719724,0.8105536332179931,0.2679425837320574,0.41148325358851673,0.40816326530612246,0.5714285714285714
f1,0.8307996204272131,0.8803812420676049,0.2847764782025796,0.4312622309197651,0.42283298097251587,0.577319587628866
